channel,msg_id,mint,symbol,call_time_utc,msg_text
devcabal,5105,3vH3NzuHafRNvwKKzoGTWNuLtg5Kc38BxsmfUwgPpump,LUNCHMONEY,2026-04-30T20:00:18+00:00,3vH3NzuHafRNvwKKzoGTWNuLtg5Kc38BxsmfUwgPpump https://t.me/devcabal https://t.me/devcabal https://t.me/devcabal/5105
devcabal,5142,3KHMZhpthXuiCcgfTv7vVu9PpEz64KAEURFwi6Lopump,Goblin,2026-05-01T20:01:11+00:00,EARLY ENTRY PLAY IS HERE!! I think this sends hard fr fr Ca 3KHMZhpthXuiCcgfTv7vVu9PpEz64KAEURFwi6Lopump https://t.me/devcabal https://t.me/devcabal https://t.me/devcabal/5142
devcabal,5180,Ha5Z2DfRv6Ar2nAeBLCGWHqzwXKL3of4DqKwzzwpump,FOFAR,2026-05-02T20:01:00+00:00,Ha5Z2DfRv6Ar2nAeBLCGWHqzwXKL3of4DqKwzzwpump https://t.me/devcabal https://t.me/devcabal https://t.me/devcabal/5180
devcabal,5217,3XwDQHMKcner1GhXRqLKojrWWwNdMaruQs7g7riDpump,Trollpface,2026-05-03T22:01:12+00:00,EARLY ENTRY PLAY IS HERE!! I think this sends hard fr fr Ca 3XwDQHMKcner1GhXRqLKojrWWwNdMaruQs7g7riDpump https://t.me/devcabal https://t.me/devcabal https://t.me/devcabal/5217
devcabal,5251,ARea51UmRfn22Ds7KwFZirSMEEn1gtBdrhW4zLeveeV1,AALIEN,2026-05-04T19:01:05+00:00,ARea51UmRfn22Ds7KwFZirSMEEn1gtBdrhW4zLeveeV1 https://t.me/devcabal https://t.me/devcabal https://t.me/devcabal/5251
devcabal,5284,Aw5SxKyYhXFdZj2BHCqs11UaV5ohwpFQjauB9jFhpump,Apple,2026-05-05T19:00:57+00:00,"INSIDER PLAY IS HERE!! Insane team behind, i think this sends hard fr fr Ca Aw5SxKyYhXFdZj2BHCqs11UaV5ohwpFQjauB9jFhpump https://t.me/devcabal https://t.me/devcabal https://t.me/devcabal/5284"
devcabal,5322,mEgrNoQWAwn3Zphto3vrCV5oxfSNqFCZTJKSQeDa3ko,MEGR,2026-05-06T20:01:16+00:00,mEgrNoQWAwn3Zphto3vrCV5oxfSNqFCZTJKSQeDa3ko https://t.me/devcabal https://t.me/devcabal https://t.me/devcabal/5322
devcabal,5355,ETJyRyneEbzZQHpv9mtPHxnTBBC4JwSCC6eGCamBpump,HANTAGUY,2026-05-07T20:01:29+00:00,ETJyRyneEbzZQHpv9mtPHxnTBBC4JwSCC6eGCamBpump https://t.me/devcabal https://t.me/devcabal https://t.me/devcabal/5355
devcabal,5417,3jG3vjwbEuQCR3YkJKtLmH41jqHx9n36BBW1Kznkpump,UAP,2026-05-09T08:01:18+00:00,EARLY ENTRY PLAY IS HERE!! I think this sends hard fr fr Ca 3jG3vjwbEuQCR3YkJKtLmH41jqHx9n36BBW1Kznkpump https://t.me/devcabal https://t.me/devcabal https://t.me/devcabal/5417
devcabal,5445,8BuGJvmzrtKg1Pq31pdcabFk5UVdvykAYqNqPfWGpump,Bear,2026-05-09T20:01:54+00:00,8BuGJvmzrtKg1Pq31pdcabFk5UVdvykAYqNqPfWGpump https://t.me/devcabal https://t.me/devcabal https://t.me/devcabal/5445
devcabal,5482,HSznAnNhSFgyRWiZh4m7pBmtjHsSLi4Dbmjp18zppump,GAYTES,2026-05-10T17:04:40+00:00,HSznAnNhSFgyRWiZh4m7pBmtjHsSLi4Dbmjp18zppump https://t.me/devcabal https://t.me/devcabal https://t.me/devcabal/5482
devcabal,5523,6qdzMx4c9rL2X3Ns3SwZ8uEo4zReDPjdXpAEmpo7pump,BABYTROLL,2026-05-11T21:01:16+00:00,INSIDER PLAY IS HERE!! Insane team i think this sends hard Ca 6qdzMx4c9rL2X3Ns3SwZ8uEo4zReDPjdXpAEmpo7pump https://t.me/devcabal https://t.me/devcabal https://t.me/devcabal/5523 https://t.me/devcabal/5523
devcabal,5564,33eum82LaAhtv5YkUq1BdwEviSErH5CnFxqVNLT5pump,WORLDCUP,2026-05-12T19:00:50+00:00,EARLY ENTRY PLAY IS HERE!! I think this sends hard fr fr Ca 33eum82LaAhtv5YkUq1BdwEviSErH5CnFxqVNLT5pump https://t.me/devcabal https://t.me/devcabal https://t.me/devcabal/5564
devcabal,5601,CowyrEtbMX5oT211m3u9ayaBcTknsP2wh2zMWghbpump,DAD,2026-05-13T21:00:59+00:00,CowyrEtbMX5oT211m3u9ayaBcTknsP2wh2zMWghbpump https://t.me/devcabal https://t.me/devcabal https://t.me/devcabal/5601
devcabal,5633,82ZmPRVn89XSmbK4dsqFwgTmr9xDBS7be7sjdBn6pump,COPIUM,2026-05-14T21:01:02+00:00,EARLY ENTRY PLAY IS HERE!! I think this sends hard fr fr Ca 82ZmPRVn89XSmbK4dsqFwgTmr9xDBS7be7sjdBn6pump https://t.me/devcabal https://t.me/devcabal https://t.me/devcabal/5633
devcabal,5674,6veQU7HDdXV5DC2Eqhnri5q71gkMzG73qKkSSudnpump,Dust,2026-05-15T19:01:12+00:00,6veQU7HDdXV5DC2Eqhnri5q71gkMzG73qKkSSudnpump https://t.me/devcabal https://t.me/devcabal https://t.me/devcabal/5674
devcabal,5762,GbuHq6UTNUp8CaFsoPgUhxpPBnkVXGepDHgFhN2kpump,Yae,2026-05-16T20:00:57+00:00,GbuHq6UTNUp8CaFsoPgUhxpPBnkVXGepDHgFhN2kpump https://t.me/devcabal https://t.me/devcabal https://t.me/devcabal/5762
devcabal,5805,BCdwQBAn8dYB5YjTsoB6TdHAWokxv28k2oZUodERpump,MANIFEST,2026-05-17T20:01:10+00:00,EARLY ENTRY PLAY IS HERE!! I think this sends hard fr fr Ca BCdwQBAn8dYB5YjTsoB6TdHAWokxv28k2oZUodERpump https://t.me/devcabal https://t.me/devcabal https://t.me/devcabal/5805
devcabal,5852,FmjijgwEHpe32VPvHy1s7u7TLthh9yu1j75djVbWpump,Fmj...pump,2026-05-18T20:00:53+00:00,FmjijgwEHpe32VPvHy1s7u7TLthh9yu1j75djVbWpump https://t.me/devcabal https://t.me/devcabal https://t.me/devcabal/5852
devcabal,5878,FjgXCL8ov5BkvZGoY2QthvhUmx82mVkSmhni6nCJpump,TOLYBOT,2026-05-19T21:00:42+00:00,EARLY ENTRY PLAY IS HERE!! I think this sends hard fr fr Ca FjgXCL8ov5BkvZGoY2QthvhUmx82mVkSmhni6nCJpump https://t.me/devcabal https://t.me/devcabal https://t.me/devcabal/5878
devcabal,5909,HfAFNsnjmbWMMRkwNeUUoHJ8V6UnUGFzkpu3Seajpump,HENRY,2026-05-20T20:01:07+00:00,HfAFNsnjmbWMMRkwNeUUoHJ8V6UnUGFzkpu3Seajpump https://t.me/devcabal https://t.me/devcabal https://t.me/devcabal/5909
devcabal,5942,139jgJYu2N2dPavdBbzTMkskpCuaiwwtDAyvEyMfpump,SOCCER,2026-05-21T20:00:31+00:00,EARLY ENTRY PLAY IS HERE!! I think this sends hard fr fr Ca 139jgJYu2N2dPavdBbzTMkskpCuaiwwtDAyvEyMfpump https://t.me/devcabal https://t.me/devcabal https://t.me/devcabal/5942
devcabal,5979,8wxkvAfEns76yBzu4MnbV7VnXWjg3iDPA9uwAQ6cpump,SOLANGELES,2026-05-22T20:00:43+00:00,8wxkvAfEns76yBzu4MnbV7VnXWjg3iDPA9uwAQ6cpump https://t.me/devcabal https://t.me/devcabal https://t.me/devcabal/5979
devcabal,6018,2jCt3hj9vd7YpV7Sr3VA5nk3tdSpJtZezeoJXW4Xpump,Bank,2026-05-23T09:01:13+00:00,2jCt3hj9vd7YpV7Sr3VA5nk3tdSpJtZezeoJXW4Xpump https://t.me/devcabal https://t.me/devcabal https://t.me/devcabal/6018
devcabal,6056,5hiLgyybrAYPpUwNFa38agfZ8iEtnahWKAPixcfspump,RICH,2026-05-23T20:01:32+00:00,5hiLgyybrAYPpUwNFa38agfZ8iEtnahWKAPixcfspump https://t.me/devcabal https://t.me/devcabal https://t.me/devcabal/6056
devcabal,6091,5s7tf6ih2CEZf7ZPNkJAtcknAq9DL5GsWHMMT3Jdpump,Stake,2026-05-24T20:01:20+00:00,5s7tf6ih2CEZf7ZPNkJAtcknAq9DL5GsWHMMT3Jdpump https://t.me/devcabal https://t.me/devcabal https://t.me/devcabal/6091
devcabal,6134,2RWndXkxWkaKhGjE7dZivVbK5qXtpwnCZJ1jpnxapump,HOPPY,2026-05-25T20:01:16+00:00,2RWndXkxWkaKhGjE7dZivVbK5qXtpwnCZJ1jpnxapump https://t.me/devcabal https://t.me/devcabal https://t.me/devcabal/6134
devcabal,6175,2kBH6UcR8TitebUbKNYNvjUkSFWaiFBJ7nAPTKQwpump,ชั้ง,2026-05-26T20:01:15+00:00,2kBH6UcR8TitebUbKNYNvjUkSFWaiFBJ7nAPTKQwpump https://t.me/devcabal https://t.me/devcabal https://t.me/devcabal/6175
devcabal,6221,Hkpi2SkNWm5LogyY1Bz4zYTq5REVvco2aYWd1tYppump,FCM,2026-05-27T20:01:27+00:00,Hkpi2SkNWm5LogyY1Bz4zYTq5REVvco2aYWd1tYppump https://t.me/devcabal https://t.me/devcabal https://t.me/devcabal/6221
devcabal,6264,BUG9jJ6MZcxbXaDVqq199HvWafMSP4pYHVFrZfLmpump,250,2026-05-28T20:00:32+00:00,EARLY ENTRY PLAY IS HERE!! I think this sends hard fr fr Ca BUG9jJ6MZcxbXaDVqq199HvWafMSP4pYHVFrZfLmpump https://t.me/devcabal https://t.me/devcabal https://t.me/devcabal/6264
devcabal,6310,oqU4DdYCbdSf9j74vnEgvCn1YzNfYQEPWaC6pu6pump,CUM,2026-05-29T20:01:10+00:00,EARLY ENTRY PLAY IS HERE!! I think this sends hard fr fr Ca oqU4DdYCbdSf9j74vnEgvCn1YzNfYQEPWaC6pu6pump https://t.me/devcabal https://t.me/devcabal https://t.me/devcabal/6310
devcabal,6352,EhHyfjRwj2jhmSE7GW5uJfizaLcNDa5C4HWPiSqjpump,LOA,2026-05-30T09:00:53+00:00,EhHyfjRwj2jhmSE7GW5uJfizaLcNDa5C4HWPiSqjpump https://t.me/devcabal https://t.me/devcabal https://t.me/devcabal/6352
devcabal,6399,CmGsBfi3Zbsygpt1FcvFcQa3mD2drYGX6w5WdsWZpump,ballish,2026-05-30T20:01:27+00:00,CmGsBfi3Zbsygpt1FcvFcQa3mD2drYGX6w5WdsWZpump https://t.me/devcabal https://t.me/devcabal https://t.me/devcabal/6399
devcabal,6445,E6ifp2mJy8cYQehUGUtFvrXriRKxRuonLmrvTFypump,SPCX,2026-05-31T20:00:56+00:00,E6ifp2mJy8cYQehUGUtFvrXriRKxRuonLmrvTFypump https://t.me/devcabal https://t.me/devcabal https://t.me/devcabal/6445
devcabal,6489,5vAExw5RGMqsxUTUoX2UByh1vi4U4UoLL4fguaMEpump,DATBIHGAH,2026-06-01T20:01:20+00:00,EARLY ENTRY PLAY IS HERE!! I think this sends hard fr fr Ca 5vAExw5RGMqsxUTUoX2UByh1vi4U4UoLL4fguaMEpump https://t.me/devcabal https://t.me/devcabal https://t.me/devcabal/6489
devcabal,6521,BHiVUHns5sR4JE9tYXagBLEeSZ9sEVsJ5Qmpyterpump,Maa,2026-06-02T20:01:41+00:00,BHiVUHns5sR4JE9tYXagBLEeSZ9sEVsJ5Qmpyterpump https://t.me/devcabal https://t.me/devcabal https://t.me/devcabal/6521
devcabal,6569,FeMrhDeddUvuzo25RZriZD6Te8xy3tdyKLLXBhEEpump,DOGEUS,2026-06-03T20:01:40+00:00,FeMrhDeddUvuzo25RZriZD6Te8xy3tdyKLLXBhEEpump https://t.me/devcabal https://t.me/devcabal https://t.me/devcabal/6569
devcabal,6604,SV151D5pjygAKA8aJJcKzm4wFnRX5G92Fye94jQJk7g,SV151,2026-06-04T20:02:04+00:00,SV151D5pjygAKA8aJJcKzm4wFnRX5G92Fye94jQJk7g https://t.me/devcabal https://t.me/devcabal https://t.me/devcabal/6604
devcabal,6627,9zwhS3b1oYuUEqWNpu2SPkEH24JMVWFEVQvHuYXZpump,HUNTER,2026-06-05T20:01:34+00:00,9zwhS3b1oYuUEqWNpu2SPkEH24JMVWFEVQvHuYXZpump https://t.me/devcabal https://t.me/devcabal https://t.me/devcabal/6627
devcabal,6662,3G8zFxHAnuWXiiC9MobE9EUUqV6m6MjL51YnN6tGpump,$tupid,2026-06-06T20:01:38+00:00,3G8zFxHAnuWXiiC9MobE9EUUqV6m6MjL51YnN6tGpump https://t.me/devcabal https://t.me/devcabal https://t.me/devcabal/6662
devcabal,6706,J4x1EMmQjF6WEzXq2tUtzY89x5aMhYz5CzfevcJEpump,Bountywork,2026-06-07T20:02:00+00:00,J4x1EMmQjF6WEzXq2tUtzY89x5aMhYz5CzfevcJEpump https://t.me/devcabal https://t.me/devcabal https://t.me/devcabal/6706
devcabal,6738,BUvuChjfCJxfUyCRMNWtm2W5ygTc7vV7mK4N22tGpump,GOKU,2026-06-08T20:01:23+00:00,BUvuChjfCJxfUyCRMNWtm2W5ygTc7vV7mK4N22tGpump https://t.me/devcabal https://t.me/devcabal https://t.me/devcabal/6738
devcabal,6777,BcHEaaTCvycPwwsJ9yQTXdHP9X2gCLkznDbZ8VySpump,Jotchua,2026-06-09T20:01:27+00:00,BcHEaaTCvycPwwsJ9yQTXdHP9X2gCLkznDbZ8VySpump https://t.me/devcabal https://t.me/devcabal https://t.me/devcabal/6777
devcabal,6812,2Mcwccy7Ckf6C2BUfwG9Z6kcYp8Mj5tKFBHEEoYCpump,1B,2026-06-10T20:00:38+00:00,2Mcwccy7Ckf6C2BUfwG9Z6kcYp8Mj5tKFBHEEoYCpump https://t.me/devcabal https://t.me/devcabal https://t.me/devcabal/6812
devcabal,6843,xLyhQfSW8UKjsJaisszVS5SRjVTmy9WiEVsq6Afpump,DragonWorm,2026-06-11T20:01:08+00:00,xLyhQfSW8UKjsJaisszVS5SRjVTmy9WiEVsq6Afpump https://t.me/devcabal https://t.me/devcabal https://t.me/devcabal/6843
devcabal,6922,SPCXwBHVrKpRqMRawL3NNvt1sXP2Yf3edwRbta53N69,SPCX69,2026-06-13T20:01:21+00:00,SPCXwBHVrKpRqMRawL3NNvt1sXP2Yf3edwRbta53N69 https://t.me/devcabal https://t.me/devcabal https://t.me/devcabal/6922
devcabal,6955,2dJniDEAGCG7zWKseCkyrML3W23WLjDf1CGxpNv3pump,TURTLE,2026-06-14T20:01:02+00:00,2dJniDEAGCG7zWKseCkyrML3W23WLjDf1CGxpNv3pump https://t.me/devcabal https://t.me/devcabal https://t.me/devcabal/6955
devcabal,6992,J4Y92jy5Lr9ho1aV41bhguytnzBbsPhZJahmaVszpump,FRAG,2026-06-15T20:01:16+00:00,J4Y92jy5Lr9ho1aV41bhguytnzBbsPhZJahmaVszpump https://t.me/devcabal https://t.me/devcabal https://t.me/devcabal/6992
devcabal,7030,ACpzkGJV3DDU8HXy8yjab7RL9qNmDGym2GwLkzNppump,SON,2026-06-16T20:01:18+00:00,EARLY ENTRY PLAY IS HERE!! I think this sends hard fr fr Ca ( tap to copy) ACpzkGJV3DDU8HXy8yjab7RL9qNmDGym2GwLkzNppump https://t.me/devcabal https://t.me/devcabal https://t.me/devcabal/7030
devcabal,7101,yMJPZbnhoHib3ib8n8PfiVcp9yauk1vnaGKLx7epump,FARM,2026-06-18T20:01:20+00:00,yMJPZbnhoHib3ib8n8PfiVcp9yauk1vnaGKLx7epump https://t.me/devcabal https://t.me/devcabal https://t.me/devcabal/7101
devcabal,7139,EpVHyKK8oxcLmp2C2NhAos1oDxgBNriw3wSLSozYpump,GTAVI,2026-06-19T20:01:31+00:00,EpVHyKK8oxcLmp2C2NhAos1oDxgBNriw3wSLSozYpump https://t.me/devcabal https://t.me/devcabal https://t.me/devcabal/7139
devcabal,7204,9cRCn9rGT8V2imeM2BaKs13yhMEais3ruM3rPvTGpump,ANSEM,2026-06-20T20:01:13+00:00,9cRCn9rGT8V2imeM2BaKs13yhMEais3ruM3rPvTGpump https://t.me/devcabal https://t.me/devcabal https://t.me/devcabal/7204
devcabal,7245,BQnsQ7LrcKVUqB33cqkVmbN1GNvqCCVYqGLLG5fLpump,CONDOR,2026-06-22T20:01:40+00:00,BQnsQ7LrcKVUqB33cqkVmbN1GNvqCCVYqGLLG5fLpump https://t.me/devcabal https://t.me/devcabal https://t.me/devcabal/7245
devcabal,7279,5pYB12kEhfhSFXJjZ7JtyqDpt6uUqhsF6iu6Ee9spump,CATWIF,2026-06-23T20:01:32+00:00,5pYB12kEhfhSFXJjZ7JtyqDpt6uUqhsF6iu6Ee9spump https://t.me/devcabal https://t.me/devcabal https://t.me/devcabal/7279
devcabal,7312,FMqh9mqR6drPZqqW6wPqLHxX4rqNDWGhYLaMfoaJpump,world,2026-06-24T20:01:02+00:00,EARLY ENTRY PLAY IS HERE!! I think this sends hard fr fr Ca FMqh9mqR6drPZqqW6wPqLHxX4rqNDWGhYLaMfoaJpump https://t.me/devcabal https://t.me/devcabal https://t.me/devcabal/7312
devcabal,7338,9qwxahBxcgKyn5X7kZvkN7qxKZg6pkVD8Lo4URtopump,CS,2026-06-25T20:01:11+00:00,9qwxahBxcgKyn5X7kZvkN7qxKZg6pkVD8Lo4URtopump https://t.me/devcabal https://t.me/devcabal https://t.me/devcabal/7338
devcabal,7372,FGnzUzwqULDuZk3WX4CGdKeeZiSwp9kHQKL5HGeFpump,𝕏GIFT,2026-06-26T20:01:18+00:00,FGnzUzwqULDuZk3WX4CGdKeeZiSwp9kHQKL5HGeFpump https://t.me/devcabal https://t.me/devcabal https://t.me/devcabal/7372
devcabal,7408,B6f27ETGcjgGNB1fqULJbXVmw9FnL8HgBp7R83hmpump,drooling,2026-06-27T20:01:21+00:00,B6f27ETGcjgGNB1fqULJbXVmw9FnL8HgBp7R83hmpump https://t.me/devcabal https://t.me/devcabal https://t.me/devcabal/7408
devcabal,7450,EPD8jj7bVhNh3o7Wx1XZ39aaacSki8p2ABaN61yhUnBh,🐂🀄️,2026-06-28T20:01:44+00:00,EPD8jj7bVhNh3o7Wx1XZ39aaacSki8p2ABaN61yhUnBh https://t.me/devcabal https://t.me/devcabal https://t.me/devcabal/7450
devcabal,7494,CkAuhMagnem2iukGwApsfw1ypWETWDdKFD1Xrrtspump,BULLCAT,2026-06-29T20:01:07+00:00,CkAuhMagnem2iukGwApsfw1ypWETWDdKFD1Xrrtspump https://t.me/devcabal https://t.me/devcabal https://t.me/devcabal/7494
devcabal,7529,51xtAhpY7QAULARF8dAs33r7xX95Ja6WFwaVEULKpump,MURAD,2026-06-30T20:01:16+00:00,51xtAhpY7QAULARF8dAs33r7xX95Ja6WFwaVEULKpump https://t.me/devcabal https://t.me/devcabal https://t.me/devcabal/7529
devcabal,7567,BDbNwA95183CdqUhx2P6R3fWXbefubVbx2wNnCp6pump,FROGBULL,2026-07-01T20:01:26+00:00,BDbNwA95183CdqUhx2P6R3fWXbefubVbx2wNnCp6pump https://t.me/devcabal https://t.me/devcabal https://t.me/devcabal/7567
devcabal,7596,DdPrHYqM8Ueovnk9kAnAgoGhswkuaTqmxcoZzU3Zpump,manlet,2026-07-02T21:01:11+00:00,DdPrHYqM8Ueovnk9kAnAgoGhswkuaTqmxcoZzU3Zpump https://t.me/devcabal https://t.me/devcabal https://t.me/devcabal/7596
devcabal,7632,48oT2QgpyPFUiJYXbvZTS1tVDp98R9uYAJX5ojNrpump,SEMAN,2026-07-03T20:01:28+00:00,48oT2QgpyPFUiJYXbvZTS1tVDp98R9uYAJX5ojNrpump https://t.me/devcabal https://t.me/devcabal https://t.me/devcabal/7632
devcabal,7673,GaZb3DE2U3Jcjx7ddAVwobsBKnCaDoJWLbzTvJYhpump,ANSUM,2026-07-04T19:01:46+00:00,GaZb3DE2U3Jcjx7ddAVwobsBKnCaDoJWLbzTvJYhpump https://t.me/devcabal https://t.me/devcabal https://t.me/devcabal/7673
devcabal,7699,CvqxZzFZqDKSpD1bNSkwQ6j9stSCBVgQ9GT4tLdKpump,TOLY,2026-07-05T20:01:03+00:00,CvqxZzFZqDKSpD1bNSkwQ6j9stSCBVgQ9GT4tLdKpump https://t.me/devcabal https://t.me/devcabal https://t.me/devcabal/7699
devcabal,7746,3TYgKwkE2Y3rxdw9osLRSpxpXmSC1C1oo19W9KHspump,BULL,2026-07-06T21:10:35+00:00,3TYgKwkE2Y3rxdw9osLRSpxpXmSC1C1oo19W9KHspump https://t.me/devcabal https://t.me/devcabal https://t.me/devcabal/7746
devcabal,7783,8B3UJbbPWfg2DLF7iWzm9WnXH9y5jhYUUoZaLhqvpump,ANSEMWIFE,2026-07-07T20:01:16+00:00,8B3UJbbPWfg2DLF7iWzm9WnXH9y5jhYUUoZaLhqvpump https://t.me/devcabal https://t.me/devcabal https://t.me/devcabal/7783
devcabal,7823,6xCtR2Eq1VumsoRdNutcfSQfLMk7xUa2BrMx18tqpump,DEXBULL,2026-07-08T21:01:27+00:00,6xCtR2Eq1VumsoRdNutcfSQfLMk7xUa2BrMx18tqpump https://t.me/devcabal https://t.me/devcabal https://t.me/devcabal/7823
devcabal,7859,4eKYoR1hBHnRaYyg2d57H36uUatRNyZr1NRP9ScNpump,DONALT,2026-07-09T20:00:56+00:00,4eKYoR1hBHnRaYyg2d57H36uUatRNyZr1NRP9ScNpump https://t.me/devcabal https://t.me/devcabal https://t.me/devcabal/7859
devcabal,7893,3grmULXrnQyN2A5LFStKFeSQsWvZjzNDsDVVLknFpump,CASHCAT,2026-07-10T21:01:18+00:00,3grmULXrnQyN2A5LFStKFeSQsWvZjzNDsDVVLknFpump https://t.me/devcabal https://t.me/devcabal https://t.me/devcabal/7893
devcabal,7937,4ko5tSr5o3H4v1sFtjTSd9MPUW7yx5AFCpkNPoL6pump,febu,2026-07-11T20:01:44+00:00,4ko5tSr5o3H4v1sFtjTSd9MPUW7yx5AFCpkNPoL6pump https://t.me/devcabal https://t.me/devcabal https://t.me/devcabal/7937
devcabal,7978,gsoZaYPVioFi9GRaehCnvNqUSNWYNZNVKT9oyoJpump,HOME,2026-07-12T21:00:20+00:00,gsoZaYPVioFi9GRaehCnvNqUSNWYNZNVKT9oyoJpump https://t.me/devcabal https://t.me/devcabal https://t.me/devcabal/7978
devcabal,8036,AWGCDT2gd8JadbYbYyZy1iKxfWokPNgrEQoU24zUpump,Clude,2026-07-13T21:01:21+00:00,AWGCDT2gd8JadbYbYyZy1iKxfWokPNgrEQoU24zUpump https://t.me/devcabal https://t.me/devcabal https://t.me/devcabal/8036
devcabal,8081,wobYcxYiABaM6qByXMuBdespq3DPLNuSYqUpMmBpump,HAAL9K,2026-07-14T20:01:20+00:00,wobYcxYiABaM6qByXMuBdespq3DPLNuSYqUpMmBpump https://t.me/devcabal https://t.me/devcabal https://t.me/devcabal/8081
devcabal,8125,B4ptaVsUe6YbtBwAS38WFeweSrVNfQLCcj9JRrtjU8vn,SOLdiers,2026-07-15T20:01:48+00:00,B4ptaVsUe6YbtBwAS38WFeweSrVNfQLCcj9JRrtjU8vn https://t.me/devcabal https://t.me/devcabal https://t.me/devcabal/8125
devcabal,8178,G9j8WWDeJXZdvwQgP82ooDuHmpc3Gy8NCSins71Lpump,BULLCAT,2026-07-16T20:01:22+00:00,G9j8WWDeJXZdvwQgP82ooDuHmpc3Gy8NCSins71Lpump https://t.me/devcabal https://t.me/devcabal https://t.me/devcabal/8178
devcabal,8222,7V6Sk63y8Rr1MvcN5mYNp61wgFhy4EeQg5gUASk9pump,HBULL,2026-07-17T21:01:02+00:00,7V6Sk63y8Rr1MvcN5mYNp61wgFhy4EeQg5gUASk9pump https://t.me/devcabal https://t.me/devcabal https://t.me/devcabal/8222
devcabal,8264,3wwU3njdLCT3ebRUrTFeHwKG6zamiiCKwmpShSK2pump,Mouse,2026-07-18T20:01:32+00:00,3wwU3njdLCT3ebRUrTFeHwKG6zamiiCKwmpShSK2pump https://t.me/devcabal https://t.me/devcabal https://t.me/devcabal/8264
devcabal,8352,HVRtNeFPrDcAA9Yu3WrTEdCsTLGJiYDiQbqjg3efpump,CUBEMAN,2026-07-20T19:00:43+00:00,HVRtNeFPrDcAA9Yu3WrTEdCsTLGJiYDiQbqjg3efpump https://t.me/devcabal https://t.me/devcabal https://t.me/devcabal/8352
devcabal,8394,HcfnJxLov6tY8i1dq9uYRRZKCvxADPpovcfkyXzdpump,Chonketha,2026-07-21T21:01:04+00:00,HcfnJxLov6tY8i1dq9uYRRZKCvxADPpovcfkyXzdpump https://t.me/devcabal https://t.me/devcabal https://t.me/devcabal/8394
devcabal,8435,B62socheoeJVqiKnihcR96g61tzALYwcMsE91Sw6pump,BOP,2026-07-22T21:01:09+00:00,B62socheoeJVqiKnihcR96g61tzALYwcMsE91Sw6pump https://t.me/devcabal https://t.me/devcabal https://t.me/devcabal/8435
devcabal,8476,AkchGAUdXXRGHt3HXaHbTvw3JLGUwtJRmYnkG66wpump,looong,2026-07-23T22:01:27+00:00,AkchGAUdXXRGHt3HXaHbTvw3JLGUwtJRmYnkG66wpump https://t.me/devcabal https://t.me/devcabal https://t.me/devcabal/8476
devcabal,8517,2vBS6D5mTPbQHChbZevmJ3Ck4uyrmdhbt1LkbyLopump,MEMENOTE,2026-07-24T21:01:14+00:00,2vBS6D5mTPbQHChbZevmJ3Ck4uyrmdhbt1LkbyLopump https://t.me/devcabal https://t.me/devcabal https://t.me/devcabal/8517
devcabal,8576,7LRpiiDzNVRdxfatA5T1iGvQmPUP46pMkpfGnqYWpump,Cupsey2028,2026-07-25T21:00:51+00:00,7LRpiiDzNVRdxfatA5T1iGvQmPUP46pMkpfGnqYWpump https://t.me/devcabal https://t.me/devcabal https://t.me/devcabal/8576
devcabal,8632,Fvvj98QtaA3RjVgeQn79NokiMaLgBRje1Q9bXetwpump,Nongwan,2026-07-26T22:01:24+00:00,Fvvj98QtaA3RjVgeQn79NokiMaLgBRje1Q9bXetwpump https://t.me/devcabal https://t.me/devcabal https://t.me/devcabal/8632
devcabal,8663,3BgwJ8b7b9hHX4sgfZ2KJhv9496CoVfsMK2YePevsBRw,EPIK,2026-07-27T22:01:20+00:00,3BgwJ8b7b9hHX4sgfZ2KJhv9496CoVfsMK2YePevsBRw https://t.me/devcabal https://t.me/devcabal https://t.me/devcabal/8663
devcabal,8688,HXuinymFnfjaiM4LkaFDLvvQ4a1WL5qoupdyUGtJpump,Ferret,2026-07-28T21:00:54+00:00,HXuinymFnfjaiM4LkaFDLvvQ4a1WL5qoupdyUGtJpump https://t.me/devcabal https://t.me/devcabal https://t.me/devcabal/8688
devcabal,8739,3VFnDoACa991DYe987w354sbvmhqjjzC4Z31SoZepump,Fauci,2026-07-29T21:01:05+00:00,3VFnDoACa991DYe987w354sbvmhqjjzC4Z31SoZepump https://t.me/devcabal https://t.me/devcabal https://t.me/devcabal/8739
devcabal,8778,ADzmJCZfwf5vFQ6y9EysRS7xWqFgRc33QAAnj7Mipump,DrTrump,2026-07-29T23:34:35+00:00,ADzmJCZfwf5vFQ6y9EysRS7xWqFgRc33QAAnj7Mipump https://t.me/devcabal https://t.me/devcabal https://t.me/devcabal/8778
devcabal,8820,GB68eELgf864nrQHjNvrXHF6Xywpp1kYsb7fsGBupump,ChooChoo,2026-07-30T17:01:31+00:00,GB68eELgf864nrQHjNvrXHF6Xywpp1kYsb7fsGBupump https://t.me/devcabal https://t.me/devcabal https://t.me/devcabal/8820
devcabal,8857,2c1KjiyQow66QfsnCtoyuqfo3AuxgpBMEoAq5oiiXqdu,Chiikawa,2026-07-30T23:02:43+00:00,2c1KjiyQow66QfsnCtoyuqfo3AuxgpBMEoAq5oiiXqdu https://t.me/devcabal https://t.me/devcabal https://t.me/devcabal/8857
devcabal,8893,HBrfYZgeLKdSvBBGnGkvAK4563pq8oBGpgNFAaespump,OnlyMarms,2026-07-31T21:01:22+00:00,HBrfYZgeLKdSvBBGnGkvAK4563pq8oBGpgNFAaespump https://t.me/devcabal https://t.me/devcabal https://t.me/devcabal/8893
devcabal,8893,EV169nnxWHQGvDFiz999BUt8XDpcRLmwqkciytRQGFg2,CONTRA,2026-07-31T21:01:22+00:00,EV169nnxWHQGvDFiz999BUt8XDpcRLmwqkciytRQGFg2 https://t.me/devcabal https://t.me/devcabal https://t.me/devcabal/8893
devcabal,8938,2uER9DLE6qQKhPphmPtb1ZvuuvCRst3atmhC3qjLpump,VISION,2026-08-01T22:01:22+00:00,2uER9DLE6qQKhPphmPtb1ZvuuvCRst3atmhC3qjLpump https://t.me/devcabal https://t.me/devcabal https://t.me/devcabal/8938
devcabal,8938,8TLxeYnnWpMFiC9npbh7XzyHpLtTYmw6DCuHBJjppump,JORDAN,2026-08-01T22:01:22+00:00,8TLxeYnnWpMFiC9npbh7XzyHpLtTYmw6DCuHBJjppump https://t.me/devcabal https://t.me/devcabal https://t.me/devcabal/8938
devcabal,8981,Am8iBffqgaedfdK5XhtorbcRrKzwH9nyL3ySikQfpump,Kimchi,2026-08-02T20:01:45+00:00,Am8iBffqgaedfdK5XhtorbcRrKzwH9nyL3ySikQfpump https://t.me/devcabal https://t.me/devcabal https://t.me/devcabal/8981
devcabal,9032,2YxEmTED9G5ZpxwfBHuVzPVQ4TfMYTAjMo5Tx1WApump,MEGUSTA,2026-08-03T22:01:22+00:00,2YxEmTED9G5ZpxwfBHuVzPVQ4TfMYTAjMo5Tx1WApump https://t.me/devcabal https://t.me/devcabal https://t.me/devcabal/9032
devcabal,9075,6oGuFDbEeaSzTcvrmmd2MqfNYwHKXFoN7regcR22pump,NEEGY,2026-08-04T19:01:03+00:00,6oGuFDbEeaSzTcvrmmd2MqfNYwHKXFoN7regcR22pump https://t.me/devcabal https://t.me/devcabal https://t.me/devcabal/9075
devcabal,9075,8HykgZKXNpMhfxQtDPb7AayRKJonZaQ8Mw1Xo3xmpump,SISYPUSS,2026-08-04T19:01:03+00:00,8HykgZKXNpMhfxQtDPb7AayRKJonZaQ8Mw1Xo3xmpump https://t.me/devcabal https://t.me/devcabal https://t.me/devcabal/9075
devcabal,9116,7rMnp9EJd61SvNn8LGc7SAJeQxM36oeECKmP2a7opump,KIO,2026-08-05T21:01:28+00:00,7rMnp9EJd61SvNn8LGc7SAJeQxM36oeECKmP2a7opump https://t.me/devcabal https://t.me/devcabal https://t.me/devcabal/9116
devcabal,9166,14doqPq3fLzx6kB4JRRnCMDPPLeGmGXd6QY5ZGXqpump,WW,2026-08-06T19:00:43+00:00,14doqPq3fLzx6kB4JRRnCMDPPLeGmGXd6QY5ZGXqpump https://t.me/devcabal https://t.me/devcabal https://t.me/devcabal/9166
devcabal,9212,7hmVkPXmVagxoptAEpx4jBzZVHwGLdFj6c1y42qxpump,BAYLA,2026-08-07T21:01:03+00:00,7hmVkPXmVagxoptAEpx4jBzZVHwGLdFj6c1y42qxpump https://t.me/devcabal https://t.me/devcabal https://t.me/devcabal/9212
devcabal,9253,A13oRB9FFaiUjfi6LdCg6p9ka1u8SfGkUFs4SKvPpump,TOAD,2026-08-08T19:00:36+00:00,A13oRB9FFaiUjfi6LdCg6p9ka1u8SfGkUFs4SKvPpump https://t.me/devcabal https://t.me/devcabal https://t.me/devcabal/9253
devcabal,9253,AENK1YJ9978xp19xQLKat6eNmndf7Jg2FxFfKiwvpump,LOUIE,2026-08-08T19:00:36+00:00,AENK1YJ9978xp19xQLKat6eNmndf7Jg2FxFfKiwvpump https://t.me/devcabal https://t.me/devcabal https://t.me/devcabal/9253
devcabal,9305,23e4CNuJxvBQ7RjNLc8Bh3yN3pQq6jeiTbyzJGXYPgme,Remus,2026-08-09T21:01:32+00:00,23e4CNuJxvBQ7RjNLc8Bh3yN3pQq6jeiTbyzJGXYPgme https://t.me/devcabal https://t.me/devcabal https://t.me/devcabal/9305
devcabal,9399,B4G24zZRUjZcuu4d5QTLpGFcaptXUUNmrLL4VBEmpump,BULLWHALE,2026-08-10T21:00:56+00:00,B4G24zZRUjZcuu4d5QTLpGFcaptXUUNmrLL4VBEmpump https://t.me/devcabal https://t.me/devcabal https://t.me/devcabal/9399
devcabal,9399,Gepjas79VptWRYEVM4cUvET9RAyEEFrF4XhukZakpump,GENTLE,2026-08-10T21:00:56+00:00,Gepjas79VptWRYEVM4cUvET9RAyEEFrF4XhukZakpump https://t.me/devcabal https://t.me/devcabal https://t.me/devcabal/9399
devcabal,9473,CX2v7JSHJQDcNooubzzvZG8TPaDwbaPgfzcXRSWJpump,MARIO64,2026-08-11T21:31:46+00:00,CX2v7JSHJQDcNooubzzvZG8TPaDwbaPgfzcXRSWJpump https://t.me/devcabal https://t.me/devcabal https://t.me/devcabal/9473
devcabal,9542,GCa9TZMK9Q3VUSkhZgX76YAQBjqQd1dPxkBnZojFpump,Plumber,2026-08-12T20:01:30+00:00,GCa9TZMK9Q3VUSkhZgX76YAQBjqQd1dPxkBnZojFpump https://t.me/devcabal https://t.me/devcabal https://t.me/devcabal/9542
devcabal,9579,4CmYEygEusR76TpjxUbTjSLjyDbCMjxKhRKNozkrpump,BOB,2026-08-13T21:01:00+00:00,4CmYEygEusR76TpjxUbTjSLjyDbCMjxKhRKNozkrpump https://t.me/devcabal https://t.me/devcabal https://t.me/devcabal/9579
devcabal,9668,GPzpoXpD74E2C4CJNayuoyBqPQJEsPtdse3nhntrpump,LOOKSMAX,2026-08-14T21:01:35+00:00,GPzpoXpD74E2C4CJNayuoyBqPQJEsPtdse3nhntrpump https://t.me/devcabal https://t.me/devcabal https://t.me/devcabal/9668
devcabal,9705,4xMegMRMd2TFQEXxv39vtMP1r5fFVuA7VcaSmAhLpump,GUNICORN,2026-08-15T21:01:04+00:00,4xMegMRMd2TFQEXxv39vtMP1r5fFVuA7VcaSmAhLpump https://t.me/devcabal https://t.me/devcabal https://t.me/devcabal/9705
devcabal,9809,2WDjdDj6W1PJpQ8ea4nXZ95VFKNko18DtGYzqUuipump,BILLY,2026-08-16T21:01:25+00:00,2WDjdDj6W1PJpQ8ea4nXZ95VFKNko18DtGYzqUuipump https://t.me/devcabal https://t.me/devcabal https://t.me/devcabal/9809
devcabal,9863,7MQSupJTpY31HGChEHUAsS1pQhLSrHS5CCsB9bnaN3eS,Z,2026-08-17T21:01:11+00:00,7MQSupJTpY31HGChEHUAsS1pQhLSrHS5CCsB9bnaN3eS https://t.me/devcabal https://t.me/devcabal https://t.me/devcabal/9863
devcabal,9954,RmtMAYVTTFv2iK9muMrXEoAnSSsZPPgRPbqZCKwNDYk,EYE,2026-08-18T21:01:28+00:00,RmtMAYVTTFv2iK9muMrXEoAnSSsZPPgRPbqZCKwNDYk https://t.me/devcabal https://t.me/devcabal https://t.me/devcabal/9954
devcabal,10001,FtXH4AAgR8KMBR8zDfTfHnYdSStw2Am3iwq8TpoHpump,Intismeran,2026-08-19T21:01:24+00:00,FtXH4AAgR8KMBR8zDfTfHnYdSStw2Am3iwq8TpoHpump https://t.me/devcabal https://t.me/devcabal https://t.me/devcabal/10001
devcabal,10093,EpXtn6xGoZ4Y45vRjiDUHSCGbBoJD5FaEqZbF98YswH1,MADE,2026-08-20T21:00:57+00:00,EpXtn6xGoZ4Y45vRjiDUHSCGbBoJD5FaEqZbF98YswH1 https://t.me/devcabal https://t.me/devcabal https://t.me/devcabal/10093
devcabal,10140,VJdpSDDLof7HuZiNmsRUSL4YCncsk1FGiVoHyAJpump,BREAKING,2026-08-21T21:01:01+00:00,VJdpSDDLof7HuZiNmsRUSL4YCncsk1FGiVoHyAJpump https://t.me/devcabal https://t.me/devcabal https://t.me/devcabal/10140
devcabal,10240,7sAnqhZvNCVKqc3Jj6QVDrdqtmnZJY3NePgXTqRtpump,CallCat,2026-08-22T21:01:19+00:00,7sAnqhZvNCVKqc3Jj6QVDrdqtmnZJY3NePgXTqRtpump https://t.me/devcabal https://t.me/devcabal https://t.me/devcabal/10240
devcabal,10295,BKaXDgZxUSC9njpX89xpQ5USh2pnK1yzZvgk8Mg7pump,CATLIST,2026-08-23T19:00:55+00:00,BKaXDgZxUSC9njpX89xpQ5USh2pnK1yzZvgk8Mg7pump https://t.me/devcabal https://t.me/devcabal https://t.me/devcabal/10295
devcabal,10295,C3bajJW843KN9Uu441JkXN7zVMs4VM2HvdAGyGiBpump,CVXV666,2026-08-23T19:00:55+00:00,C3bajJW843KN9Uu441JkXN7zVMs4VM2HvdAGyGiBpump https://t.me/devcabal https://t.me/devcabal https://t.me/devcabal/10295
devcabal,10357,GeSfrQiscfsEv4Hx2TKaB9Nfid12qND1YYRYS1vSpump,GrokBot,2026-08-24T20:01:51+00:00,GeSfrQiscfsEv4Hx2TKaB9Nfid12qND1YYRYS1vSpump https://t.me/devcabal https://t.me/devcabal https://t.me/devcabal/10357
devcabal,10385,7V4vYUApSWg1CWBHSxaEWZ8irJAU4q8pPmpZS3mJpump,POK,2026-08-25T19:01:09+00:00,7V4vYUApSWg1CWBHSxaEWZ8irJAU4q8pPmpZS3mJpump https://t.me/devcabal https://t.me/devcabal https://t.me/devcabal/10385
devcabal,10446,FR3fLGui4CNGWX6f544aFuDnAykAhi65K5GD11YMpump,Quake,2026-08-26T19:00:42+00:00,FR3fLGui4CNGWX6f544aFuDnAykAhi65K5GD11YMpump https://t.me/devcabal https://t.me/devcabal https://t.me/devcabal/10446
devcabal,10474,HmiYC7GJkieX77Ad8FbfzvKZLV8mUPFErT4iihjApump,DOGGYSTYLE,2026-08-26T22:02:42+00:00,HmiYC7GJkieX77Ad8FbfzvKZLV8mUPFErT4iihjApump https://t.me/devcabal https://t.me/devcabal https://t.me/devcabal/10474
devcabal,10507,CTPoyCwkjMvoJwU4xvZZqoD8tiYk6yDchySiN5gGpump,fone,2026-08-27T19:01:09+00:00,CTPoyCwkjMvoJwU4xvZZqoD8tiYk6yDchySiN5gGpump https://t.me/devcabal https://t.me/devcabal https://t.me/devcabal/10507
devcabal,10600,AVBN6kXdaw27ySuvMevKYzNTL8d39b7sGQFDCmsvpump,PINK,2026-08-28T20:01:31+00:00,AVBN6kXdaw27ySuvMevKYzNTL8d39b7sGQFDCmsvpump https://t.me/devcabal https://t.me/devcabal https://t.me/devcabal/10600
devcabal,10663,AfGdjAp9djSaqJxzYo3t6jy8tJA3o2aDPHoZ57Egpump,Greyson,2026-08-29T19:01:03+00:00,AfGdjAp9djSaqJxzYo3t6jy8tJA3o2aDPHoZ57Egpump https://t.me/devcabal https://t.me/devcabal https://t.me/devcabal/10663
devcabal,10695,TRUEq13uwehY57S1Y62iTxas7ahpFgohc8kScbGNu1h,STACY,2026-08-29T23:01:59+00:00,TRUEq13uwehY57S1Y62iTxas7ahpFgohc8kScbGNu1h https://t.me/devcabal https://t.me/devcabal https://t.me/devcabal/10695
devcabal,10758,aTUfRuPj3tp7FEpzAXLjs4VnQgAFbExD5JHGTyvpump,SFM,2026-08-30T20:00:43+00:00,aTUfRuPj3tp7FEpzAXLjs4VnQgAFbExD5JHGTyvpump https://t.me/devcabal https://t.me/devcabal https://t.me/devcabal/10758
devcabal,10790,MukLDtJ8Cx9DxLbeyLRSWPSposTMWuwHANbuaudpump,OTC,2026-08-30T23:00:54+00:00,MukLDtJ8Cx9DxLbeyLRSWPSposTMWuwHANbuaudpump https://t.me/devcabal https://t.me/devcabal https://t.me/devcabal/10790
devcabal,10824,ANJR7QNkxLWa6eHHFjVAwb1mi5GFkVQHroyG8xSopump,APEUS,2026-08-31T19:01:33+00:00,ANJR7QNkxLWa6eHHFjVAwb1mi5GFkVQHroyG8xSopump https://t.me/devcabal https://t.me/devcabal https://t.me/devcabal/10824
devcabal,10849,BKXtSJWJk8s6DGEv71a3HohqHMhzn1iXLAzxMm6ZXjmy,GPRO,2026-08-31T22:00:57+00:00,BKXtSJWJk8s6DGEv71a3HohqHMhzn1iXLAzxMm6ZXjmy https://t.me/devcabal https://t.me/devcabal https://t.me/devcabal/10849
devcabal,10901,DWrrbYP65oo33Fk83iaQVHQhytntFM1uooyJHjaxpump,CEZ,2026-09-01T19:01:36+00:00,DWrrbYP65oo33Fk83iaQVHQhytntFM1uooyJHjaxpump https://t.me/devcabal https://t.me/devcabal https://t.me/devcabal/10901
devcabal,10953,H76u9jTTbMtEF5JGmqXM2wW6xqMXpvTdVyer4RvKpump,Pumpooor,2026-09-02T20:02:03+00:00,H76u9jTTbMtEF5JGmqXM2wW6xqMXpvTdVyer4RvKpump https://t.me/devcabal https://t.me/devcabal https://t.me/devcabal/10953
devcabal,11030,DqHKom9vHM2sEU9thNzeHtvfjzsZJPDgkq3Xwuhtpump,SOLOTC,2026-09-03T19:02:33+00:00,DqHKom9vHM2sEU9thNzeHtvfjzsZJPDgkq3Xwuhtpump https://t.me/devcabal https://t.me/devcabal https://t.me/devcabal/11030
devcabal,11064,CbyTNf7UPzvewHh4Zp6umogM2RWahhmGRJWLJnPwpump,biketyson,2026-09-03T23:12:45+00:00,CbyTNf7UPzvewHh4Zp6umogM2RWahhmGRJWLJnPwpump https://t.me/devcabal https://t.me/devcabal https://t.me/devcabal/11064
devcabal,11110,GLhZu4RX4Jn9ZMXVZ1Jj7GnmCRsKd3zcUGMKBVKjpump,STONKLESS,2026-09-04T20:02:19+00:00,GLhZu4RX4Jn9ZMXVZ1Jj7GnmCRsKd3zcUGMKBVKjpump https://t.me/devcabal https://t.me/devcabal https://t.me/devcabal/11110
devcabal,11135,GiUHYs5Hsv94P8bR9m26DsXsX8E786rQsFsPK6spump,RICHDEBT,2026-09-04T23:01:35+00:00,GiUHYs5Hsv94P8bR9m26DsXsX8E786rQsFsPK6spump https://t.me/devcabal https://t.me/devcabal https://t.me/devcabal/11135
devcabal,11200,8Ge69MMq3SN6G2UfvhqYt5ywUDVzXeBtASnZjQXbpump,STONKCHUMP,2026-09-05T19:50:19+00:00,8Ge69MMq3SN6G2UfvhqYt5ywUDVzXeBtASnZjQXbpump https://t.me/devcabal https://t.me/devcabal https://t.me/devcabal/11200
devcabal,11230,GWTP6M5bxhaJ1k2Kxvf8hhYaHE6jZMhh4cKzFuCpnc83,USEFUL,2026-09-05T22:58:50+00:00,GWTP6M5bxhaJ1k2Kxvf8hhYaHE6jZMhh4cKzFuCpnc83 https://t.me/devcabal https://t.me/devcabal https://t.me/devcabal/11230
devcabal,11274,HHig4peAgZqdAV17XuuAdojYSYLhsctjTEvT2kq9FkNA,UBER,2026-09-06T18:01:51+00:00,HHig4peAgZqdAV17XuuAdojYSYLhsctjTEvT2kq9FkNA https://t.me/devcabal https://t.me/devcabal https://t.me/devcabal/11274
devcabal,11320,8RAFGyzajpYX96ppL7MXEL5DwjBSnbAqjBTfhUXDhVYj,GPT,2026-09-07T00:03:09+00:00,8RAFGyzajpYX96ppL7MXEL5DwjBSnbAqjBTfhUXDhVYj https://t.me/devcabal https://t.me/devcabal https://t.me/devcabal/11320 https://t.me/devcabal/11320
devcabal,11357,DRqXeQA5sKGeksnRTvhTGEwpaqNtHQo8bQqub7pjpump,VC,2026-09-07T17:58:58+00:00,DRqXeQA5sKGeksnRTvhTGEwpaqNtHQo8bQqub7pjpump https://t.me/devcabal https://t.me/devcabal https://t.me/devcabal/11357 https://t.me/devcabal/11357
devcabal,11390,BrPyKjsEDuvgJPkS6o6XC8zLC9L8kRhhr9b2xhDzpump,SNP500,2026-09-07T21:02:03+00:00,BrPyKjsEDuvgJPkS6o6XC8zLC9L8kRhhr9b2xhDzpump https://t.me/devcabal https://t.me/devcabal https://t.me/devcabal/11390
devcabal,11423,7Y7V1a4m2nWK7BMgbka5B4vR1pDvCK7yva3Hnrqkraze,Nasduck,2026-09-08T00:04:48+00:00,7Y7V1a4m2nWK7BMgbka5B4vR1pDvCK7yva3Hnrqkraze https://t.me/devcabal https://t.me/devcabal https://t.me/devcabal/11423 https://t.me/devcabal/11423
devcabal,11487,4oWhtcmBBsMG1bLZCLKusmq4t9fxdVVfbyJLevsYg5Ct,CRIMECAT,2026-09-08T20:02:01+00:00,4oWhtcmBBsMG1bLZCLKusmq4t9fxdVVfbyJLevsYg5Ct https://t.me/devcabal https://t.me/devcabal https://t.me/devcabal/11487
devcabal,11508,GLRyB95LzCyyY8TVfwZVDyrVcZuSJPJJoaPTnyWs89mv,MUCHWOW,2026-09-08T23:04:40+00:00,GLRyB95LzCyyY8TVfwZVDyrVcZuSJPJJoaPTnyWs89mv https://t.me/devcabal https://t.me/devcabal https://t.me/devcabal/11508
devcabal,11563,HQSXsxD2BhpA8v21TwTjv6Tbkr8yYH3B8RkGS1Bspump,STONKSZN,2026-09-09T21:03:13+00:00,HQSXsxD2BhpA8v21TwTjv6Tbkr8yYH3B8RkGS1Bspump https://t.me/devcabal https://t.me/devcabal https://t.me/devcabal/11563
devcabal,11590,Hg5Ja55T5wESq4vyFoiVCMeHXtGyVA69X2UHq8hgpump,baton,2026-09-10T00:01:46+00:00,Hg5Ja55T5wESq4vyFoiVCMeHXtGyVA69X2UHq8hgpump https://t.me/devcabal https://t.me/devcabal https://t.me/devcabal/11590 https://t.me/devcabal/11590
devcabal,11632,GYHPVwni3ucwizy9BM4TzTMw3PtSgxm5RRYvL8Ecpump,Stocklana,2026-09-10T18:03:27+00:00,GYHPVwni3ucwizy9BM4TzTMw3PtSgxm5RRYvL8Ecpump https://t.me/devcabal https://t.me/devcabal https://t.me/devcabal/11632 https://t.me/devcabal/11632
devcabal,11674,3wRMLKQN1NXfEJWUnCq5BqdDNQhj6kADWJBfRAufpump,TESTICLE,2026-09-10T21:07:33+00:00,3wRMLKQN1NXfEJWUnCq5BqdDNQhj6kADWJBfRAufpump https://t.me/devcabal https://t.me/devcabal https://t.me/devcabal/11674
devcabal,11697,7MCgYMzq3fov6oERdtTMAYbN2U9LZrrSYS1MBhjixZFr,POLLY,2026-09-11T00:06:05+00:00,7MCgYMzq3fov6oERdtTMAYbN2U9LZrrSYS1MBhjixZFr https://t.me/devcabal https://t.me/devcabal https://t.me/devcabal/11697 https://t.me/devcabal/11697
devcabal,11751,FjTfaSH861nVcbAxdFAHTvhoSL4kyR6wgTWynuJkapht,DIVI,2026-09-11T17:57:28+00:00,FjTfaSH861nVcbAxdFAHTvhoSL4kyR6wgTWynuJkapht https://t.me/devcabal https://t.me/devcabal https://t.me/devcabal/11751
devcabal,11788,ASoQZA3Dee2HU34Vwx3b5SAtTaczJtZcyx1T413nDALL,ALL,2026-09-11T21:01:28+00:00,ASoQZA3Dee2HU34Vwx3b5SAtTaczJtZcyx1T413nDALL https://t.me/devcabal https://t.me/devcabal https://t.me/devcabal/11788 https://t.me/devcabal/11788
devcabal,11838,3nqHijNUExsnjNBb15WJsJ2xisyMVGN6FK4aUgZk1Rwj,TACZ,2026-09-12T18:03:30+00:00,3nqHijNUExsnjNBb15WJsJ2xisyMVGN6FK4aUgZk1Rwj https://t.me/devcabal https://t.me/devcabal https://t.me/devcabal/11838
devcabal,11861,CNWxmoBSQZo2Sgp5KSAK5m9FwSqDbXQRP4CNMuoe78Gm,TWINE,2026-09-12T21:01:56+00:00,CNWxmoBSQZo2Sgp5KSAK5m9FwSqDbXQRP4CNMuoe78Gm https://t.me/devcabal https://t.me/devcabal https://t.me/devcabal/11861
devcabal,11943,BeXQ21cHNExQTbTbm6Fd2Mnsy4nAw3N3r7WNWTFfpump,batonguy,2026-09-13T18:02:19+00:00,BeXQ21cHNExQTbTbm6Fd2Mnsy4nAw3N3r7WNWTFfpump https://t.me/devcabal https://t.me/devcabal https://t.me/devcabal/11943 https://t.me/devcabal/11943
devcabal,11975,6ssGtD5KUhzrENtn5BiEdTt4tcb6sfn7wPHRJyBYsp7N,PVE,2026-09-13T23:02:07+00:00,6ssGtD5KUhzrENtn5BiEdTt4tcb6sfn7wPHRJyBYsp7N https://t.me/devcabal https://t.me/devcabal https://t.me/devcabal/11975 https://t.me/devcabal/11975
devcabal,12017,HrZh7koZFedTSHng4bVmhULwejpmVdSKUYxaf2N5im1b,CATOSHI,2026-09-14T18:02:45+00:00,HrZh7koZFedTSHng4bVmhULwejpmVdSKUYxaf2N5im1b https://t.me/devcabal https://t.me/devcabal https://t.me/devcabal/12017
devcabal,12039,3nkVw4JwdDLGM23Wzqpy2ptAPV5YgMnokEBgijDBpump,bikecate,2026-09-14T21:01:45+00:00,I just aped a fat bag into $BIKECATE This is a dual narrative with heavy promotions on it CA: 3nkVw4JwdDLGM23Wzqpy2ptAPV5YgMnokEBgijDBpump (tap to copy) CLICK HERE TO BUY ON FOMO I just got insider that this will send https://t.me/devcabal https://t.me/devcabal https://fomo.family/coin?address=3nkVw4JwdDLGM23Wzqpy2ptAPV5YgMnokEBgijDBpump&chainId=1399811149 https://fomo.family/coin?address=3nkVw4JwdDLGM23Wzqpy2ptAPV5YgMnokEBgijDBpump&chainId=1399811149 https://t.me/devcabal/12039
devcabal,12095,A9AHYeqb7nQk7LZUraw7rBCzYRjy2DRvE6NqWfFHKRdH,HUHCAT,2026-09-15T18:14:02+00:00,A9AHYeqb7nQk7LZUraw7rBCzYRjy2DRvE6NqWfFHKRdH https://t.me/devcabal https://t.me/devcabal https://t.me/devcabal/12095
devcabal,12116,98kfF7rmsg1QDUEoCqNE7g7M1FdrTt92TEp2CLzypump,PAID,2026-09-15T21:04:14+00:00,98kfF7rmsg1QDUEoCqNE7g7M1FdrTt92TEp2CLzypump https://t.me/devcabal https://t.me/devcabal https://t.me/devcabal/12116
devcabal,12183,9GEUA6pXNmf1c8nujWRoJDq17K8gfMyWBNp5d9cfw8xG,GB,2026-09-16T18:04:04+00:00,9GEUA6pXNmf1c8nujWRoJDq17K8gfMyWBNp5d9cfw8xG https://t.me/devcabal https://t.me/devcabal https://t.me/devcabal/12183
devcabal,12202,9HB7uiNQeWTGG1tkuGaMQLhdt9Lg6vmJ4vtLJc1Wpump,DONO,2026-09-16T21:02:28+00:00,9HB7uiNQeWTGG1tkuGaMQLhdt9Lg6vmJ4vtLJc1Wpump https://t.me/devcabal https://t.me/devcabal https://t.me/devcabal/12202
devcabal,12228,4hMvdY7KbsCzHnRE7Js6kNFyTdkqKMeTv9GPYD5ppump,ZEREBLAST,2026-09-17T00:03:01+00:00,I just aped a fat bag into $ZEREBLAST at 27K Good narrative with heavy promotions on it CA: 4hMvdY7KbsCzHnRE7Js6kNFyTdkqKMeTv9GPYD5ppump (tap to copy) CLICK HERE TO BUY ON FOMO I just got insider that this will send https://t.me/devcabal https://t.me/devcabal https://t.me/devcabal/12228 https://fomo.family/coin?address=4hMvdY7KbsCzHnRE7Js6kNFyTdkqKMeTv9GPYD5ppump&chainId=1399811149 https://t.me/devcabal/12228
devcabal,12281,CrrcQsPD5zNW2hEKhBy5ARP1haGBKAmoqsgD8dqPpump,SUUB,2026-09-17T18:02:37+00:00,"PLAY IS HERE!! Very good Narrative, 24K Entry here CrrcQsPD5zNW2hEKhBy5ARP1haGBKAmoqsgD8dqPpump CLICK HERE TO BUY ON FOMO https://t.me/devcabal https://t.me/devcabal https://fomo.family/coin?address=CrrcQsPD5zNW2hEKhBy5ARP1haGBKAmoqsgD8dqPpump&chainId=1399811149 https://fomo.family/coin?address=CrrcQsPD5zNW2hEKhBy5ARP1haGBKAmoqsgD8dqPpump&chainId=1399811149 https://t.me/devcabal/12281"
devcabal,12309,5cT9mMKGwJP42xdgwSxu9zsYCScCXqwpq49GfQoXpump,catwifout,2026-09-17T21:04:37+00:00,5cT9mMKGwJP42xdgwSxu9zsYCScCXqwpq49GfQoXpump https://t.me/devcabal https://t.me/devcabal https://t.me/devcabal/12309 https://t.me/devcabal/12309
devcabal,12339,241aTYhVXZ4WBVSFpfY37RqoCGBQ73KiRFAKvTtnmoon,MCAT,2026-09-18T00:06:48+00:00,"I just aped a fat bag into $MCAT at 18K Good Narrative and has connection with Moonshot , i see it hitting Multi M’s CA: 241aTYhVXZ4WBVSFpfY37RqoCGBQ73KiRFAKvTtnmoon (tap to copy) CLICK HERE TO BUY ON FOMO I just got insider that this will send https://t.me/devcabal https://t.me/devcabal https://t.me/devcabal/12339 https://fomo.family/coin?address=241aTYhVXZ4WBVSFpfY37RqoCGBQ73KiRFAKvTtnmoon&chainId=1399811149 https://t.me/devcabal/12339"
devcabal,12388,4ssDxLh4BpzVVC6WsZHfoSYAVDhR8hpWzekyoGzYpump,Meepcat,2026-09-18T18:01:44+00:00,4ssDxLh4BpzVVC6WsZHfoSYAVDhR8hpWzekyoGzYpump https://t.me/devcabal https://t.me/devcabal https://t.me/devcabal/12388
devcabal,12415,D1sm1V3pHGTv32ugeXoer4a91xqfuh4jJBYQwePSKVez,KMS,2026-09-18T21:03:38+00:00,"Aped a bag of $KMS D1sm1V3pHGTv32ugeXoer4a91xqfuh4jJBYQwePSKVez EARLY ENTRY, got in at around 17K Expecting 500K+ here https://t.me/devcabal https://t.me/devcabal https://t.me/devcabal/12415 https://t.me/devcabal/12415"
devcabal,12443,HgcxVs6kJhPAaGqnPNGaa7zYgNT49hJrLufiqcNMuYZT,FEELSGOOD,2026-09-19T00:05:00+00:00,Aped a bag of $FEELSGOOD Good narrative and team CA- HgcxVs6kJhPAaGqnPNGaa7zYgNT49hJrLufiqcNMuYZT Expecting 1M+ here from this team CLICK HERE TO BUY ON FOMO https://t.me/devcabal https://t.me/devcabal https://t.me/devcabal/12443 https://fomo.family/coin?address=HgcxVs6kJhPAaGqnPNGaa7zYgNT49hJrLufiqcNMuYZT&chainId=1399811149 https://t.me/devcabal/12443
devcabal,12526,tipp4C4Jnpft26HC9VXNjUPidojZqxXf8nzKvrKf5BS,TIPPED,2026-09-19T18:03:16+00:00,"Aped a bag of $TIPPED here at 22K Good team, many kols lined up to push this tipp4C4Jnpft26HC9VXNjUPidojZqxXf8nzKvrKf5BS https://t.me/devcabal https://t.me/devcabal https://t.me/devcabal/12526"
devcabal,12554,GTBxUiw6wJdmmkCGZgRHLyYxqu1vG4KtRpeox6yDpump,JEANPHIL,2026-09-19T21:03:41+00:00,Aped a bag of $JEANPHIL here at 34K Very good team and meme fits narrative GTBxUiw6wJdmmkCGZgRHLyYxqu1vG4KtRpeox6yDpump CLICH HERE TO BUY ON FOMO https://t.me/devcabal https://t.me/devcabal https://fomo.family/coin?address=GTBxUiw6wJdmmkCGZgRHLyYxqu1vG4KtRpeox6yDpump&chainId=1399811149 https://fomo.family/coin?address=GTBxUiw6wJdmmkCGZgRHLyYxqu1vG4KtRpeox6yDpump&chainId=1399811149 https://t.me/devcabal/12554
devcabal,12593,G9QZfEPHtZrUF1arcUFvZgYn6zSQLZdvcjCuyhKrpump,Stryker,2026-09-20T01:10:59+00:00,Aped a bag of $STRYKER here at 26K good team and meme fits narrative G9QZfEPHtZrUF1arcUFvZgYn6zSQLZdvcjCuyhKrpump CLICH HERE TO BUY ON FOMO https://t.me/devcabal https://t.me/devcabal https://fomo.family/coin?address=G9QZfEPHtZrUF1arcUFvZgYn6zSQLZdvcjCuyhKrpump&chainId=1399811149 https://fomo.family/coin?address=G9QZfEPHtZrUF1arcUFvZgYn6zSQLZdvcjCuyhKrpump&chainId=1399811149 https://t.me/devcabal/12593
devcabal,12644,95pCcNPexz8rg1Sazi2GscfAGSFy3NXSPDL9TdEMZE2V,TYLER,2026-09-20T17:59:58+00:00,Aped a bag of $TYLER here at 16K Good team and fits the current narrative 95pCcNPexz8rg1Sazi2GscfAGSFy3NXSPDL9TdEMZE2V CLICH HERE TO BUY ON FOMO https://t.me/devcabal https://t.me/devcabal https://fomo.family/coin?address=95pCcNPexz8rg1Sazi2GscfAGSFy3NXSPDL9TdEMZE2V&chainId=1399811149& https://fomo.family/coin?&address=95pCcNPexz8rg1Sazi2GscfAGSFy3NXSPDL9TdEMZE2V&chainId=1399811149 https://t.me/devcabal/12644
devcabal,12667,4UHmZGe6X4DZ5dxYGiGXMhi3Sp34uPWtHB7qDMyvRbYB,QUEEF,2026-09-20T21:01:45+00:00,"Aped a bag of $QUEEF here at 23K Art looks good and team is well connected, alpha 4UHmZGe6X4DZ5dxYGiGXMhi3Sp34uPWtHB7qDMyvRbYB CLICH HERE TO BUY ON FOMO https://t.me/devcabal https://t.me/devcabal https://fomo.family/coin?address=4UHmZGe6X4DZ5dxYGiGXMhi3Sp34uPWtHB7qDMyvRbYB&chainId=1399811149& https://fomo.family/coin?&address=4UHmZGe6X4DZ5dxYGiGXMhi3Sp34uPWtHB7qDMyvRbYB&chainId=1399811149 https://t.me/devcabal/12667"
devcabal,12694,Wb33GwzjQLvvVhV2XB3YonQZQFM9zhXiU7AZB931Uts,INU,2026-09-21T01:01:40+00:00,"Aped a bag of $INU here at 12K Well connected team, always cooked with them, lets see Wb33GwzjQLvvVhV2XB3YonQZQFM9zhXiU7AZB931Uts CLICH HERE TO BUY ON FOMO https://t.me/devcabal https://t.me/devcabal https://fomo.family/coin?address=Wb33GwzjQLvvVhV2XB3YonQZQFM9zhXiU7AZB931Uts&chainId=1399811149 https://fomo.family/coin?address=Wb33GwzjQLvvVhV2XB3YonQZQFM9zhXiU7AZB931Uts&chainId=1399811149 https://t.me/devcabal/12694"
devcabal,12759,DEW9dSN6QpWyNthphCpMmAbZP1Q4cEKR9xQXAri98WDP,SI,2026-09-21T18:11:04+00:00,"Aped a bag of $SI here at 48K Good team and dev is a big whale, i think sends DEW9dSN6QpWyNthphCpMmAbZP1Q4cEKR9xQXAri98WDP CLICH HERE TO BUY ON FOMO https://t.me/devcabal https://t.me/devcabal https://t.me/devcabal/12759 https://fomo.family/coin?address=DEW9dSN6QpWyNthphCpMmAbZP1Q4cEKR9xQXAri98WDP&chainId=1399811149 https://t.me/devcabal/12759"
devcabal,12780,EYMBTNraihZkLhjVQhDivPhjAWFgRF1By2zVd8rcNcGz,INURANUS,2026-09-21T21:00:58+00:00,"Aped a bag of $INURANUS here at 24K $URANUS Beta and good team $URANUS ran to 82M, expecting atleast 1M+ here EYMBTNraihZkLhjVQhDivPhjAWFgRF1By2zVd8rcNcGz CLICH HERE TO BUY ON FOMO https://t.me/devcabal https://t.me/devcabal https://fomo.family/coin?address=EYMBTNraihZkLhjVQhDivPhjAWFgRF1By2zVd8rcNcGz&chainId=1399811149 https://fomo.family/coin?address=EYMBTNraihZkLhjVQhDivPhjAWFgRF1By2zVd8rcNcGz&chainId=1399811149 https://t.me/devcabal/12780"
devcabal,12801,5tYcEEKvN63RrzpomgF2jWMxJMHmr4Zo19RX1mXipump,LOOONGCAT,2026-09-22T01:00:55+00:00,Aped a bag of $LOOONGCAT here at 20K Very good team behind this im expecting 1M+ 5tYcEEKvN63RrzpomgF2jWMxJMHmr4Zo19RX1mXipump CLICH HERE TO BUY ON FOMO https://t.me/devcabal https://t.me/devcabal https://t.me/devcabal/12801 https://fomo.family/coin?address=5tYcEEKvN63RrzpomgF2jWMxJMHmr4Zo19RX1mXipump&chainId=1399811149 https://t.me/devcabal/12801
devcabal,12827,BVdbH7PLTSQxBssqvWTxVDoA8qfsztdVtMsZQSS9CScZ,GHOSTCAT,2026-09-22T05:03:48+00:00,"Aped a bag of $GHOSTCAT here at 16K Insane team good art, expecting 1M+ BVdbH7PLTSQxBssqvWTxVDoA8qfsztdVtMsZQSS9CScZ CLICH HERE TO BUY ON FOMO https://t.me/devcabal https://t.me/devcabal https://fomo.family/coin?address=BVdbH7PLTSQxBssqvWTxVDoA8qfsztdVtMsZQSS9CScZ&chainId=1399811149 https://fomo.family/coin?address=BVdbH7PLTSQxBssqvWTxVDoA8qfsztdVtMsZQSS9CScZ&chainId=1399811149 https://t.me/devcabal/12827"
devcabal,12874,HdQVNvj2v31JfvLqL6PKeUDnLwJv5KkaKphR1KfkGjou,APE,2026-09-22T18:00:18+00:00,"Aped a bag of $APE here at 19K Good team , goals 1M+ HdQVNvj2v31JfvLqL6PKeUDnLwJv5KkaKphR1KfkGjou CLICH HERE TO BUY ON FOMO https://t.me/devcabal https://t.me/devcabal https://fomo.family/coin?address=HdQVNvj2v31JfvLqL6PKeUDnLwJv5KkaKphR1KfkGjou&chainId=1399811149 https://fomo.family/coin?address=HdQVNvj2v31JfvLqL6PKeUDnLwJv5KkaKphR1KfkGjou&chainId=1399811149 https://t.me/devcabal/12874"
devcabal,12896,FDaJxBqw1fDhwPQTn8XU3bKH8sXXRe8o5kzC3CdUAv7X,SWEEP,2026-09-22T21:58:22+00:00,"Aped a bag of $SWEEP here at 7K Good team , goals 500K+ FDaJxBqw1fDhwPQTn8XU3bKH8sXXRe8o5kzC3CdUAv7X CLICH HERE TO BUY ON FOMO https://t.me/devcabal https://t.me/devcabal https://t.me/devcabal/12896 https://fomo.family/coin?address=FDaJxBqw1fDhwPQTn8XU3bKH8sXXRe8o5kzC3CdUAv7X&chainId=1399811149 https://t.me/devcabal/12896"
devcabal,12955,HuAXPyDWDaMYFKuwQHpqL1oPnj93zdzWmtvFGzCeCUa7,MASK,2026-09-23T17:03:15+00:00,Aped a fat bag of $MASK at 56K Good team behind expecting 1M+ HuAXPyDWDaMYFKuwQHpqL1oPnj93zdzWmtvFGzCeCUa7 CLICK HERE TO BUY ON FOMO https://t.me/devcabal https://t.me/devcabal https://t.me/devcabal/12955 https://fomo.family/coin?address=HuAXPyDWDaMYFKuwQHpqL1oPnj93zdzWmtvFGzCeCUa7&chainId=1399811149 https://t.me/devcabal/12955
devcabal,12977,7Qy2cXpdj4Fu2DUPVWdN3oogM3JSwLUV2LZaKVgVcPZh,HYPERCAT,2026-09-23T22:03:49+00:00,Aped a bag of $HYPERCAT here at 24k Good meme and team behind im expecting 1M+ CA ( tap to copy ) 7Qy2cXpdj4Fu2DUPVWdN3oogM3JSwLUV2LZaKVgVcPZh CLICK HERE TO BUY IN FOMO https://t.me/devcabal https://t.me/devcabal https://fomo.family/coin?address=7Qy2cXpdj4Fu2DUPVWdN3oogM3JSwLUV2LZaKVgVcPZh&chainId=1399811149 https://fomo.family/coin?address=7Qy2cXpdj4Fu2DUPVWdN3oogM3JSwLUV2LZaKVgVcPZh&chainId=1399811149 https://t.me/devcabal/12977
devcabal,13001,2PENPmfgJfq6CG3k4byj4oWwHf8SerqakmYHMkUupump,familiars,2026-09-24T03:03:12+00:00,Aped a big bag in $Familiars at 37K Very strong team behind this one Ca- tap to copy 2PENPmfgJfq6CG3k4byj4oWwHf8SerqakmYHMkUupump CLICK HERE TO BUY IN FOMO https://t.me/devcabal https://t.me/devcabal https://t.me/devcabal/13001 https://fomo.family/coin?address=2PENPmfgJfq6CG3k4byj4oWwHf8SerqakmYHMkUupump&chainId=1399811149 https://t.me/devcabal/13001
devcabal,13063,4GNxP8SdJP3ejirb45tvFscARQubPWseC3PELxAUpump,CI,2026-09-24T17:05:06+00:00,Aped a fat bag of $CI Fits the current narrative and solid team 4GNxP8SdJP3ejirb45tvFscARQubPWseC3PELxAUpump https://t.me/devcabal https://t.me/devcabal https://t.me/devcabal/13063 https://t.me/devcabal/13063
devcabal,13088,2Ngvnnkwrwq5u4RYV5WYKJ2wiQoEkKaVCc4LuuhYSTNK,STONKBLEND,2026-09-24T22:03:11+00:00,Aped a bag of $STONKBLEND at 17K Good meme follows the narrative Ca - tap to copy 2Ngvnnkwrwq5u4RYV5WYKJ2wiQoEkKaVCc4LuuhYSTNK CLICK HERE TO BUY IN FOMO https://t.me/devcabal https://t.me/devcabal https://t.me/devcabal/13088 https://fomo.family/coin?address=2Ngvnnkwrwq5u4RYV5WYKJ2wiQoEkKaVCc4LuuhYSTNK&chainId=1399811149 https://t.me/devcabal/13088
devcabal,13146,GgsSaetRZNCuP9HEWjbojtVWByRWFxpr93S1wtGFpump,BLUEPRINT,2026-09-25T19:04:07+00:00,Aped $BLUEPRINT at 26K Good team i think this sends hard GgsSaetRZNCuP9HEWjbojtVWByRWFxpr93S1wtGFpump CLICK HERE TO BUY IN FOMO https://t.me/devcabal https://t.me/devcabal https://t.me/devcabal/13146 https://fomo.family/coin?address=GgsSaetRZNCuP9HEWjbojtVWByRWFxpr93S1wtGFpump&chainId=1399811149 https://t.me/devcabal/13146
devcabal,13186,CbcyNo7m1amFWqEQm2m4PLv1UNvpcL3C1Ujm6AkzpKoU,e/acc,2026-09-26T02:16:32+00:00,Aped a big bag of $e/acc at 28K Very good team behind and viral narrative Ca tap to copy CbcyNo7m1amFWqEQm2m4PLv1UNvpcL3C1Ujm6AkzpKoU CLICK HERE TO BUY IN FOMO https://t.me/devcabal https://t.me/devcabal https://t.me/devcabal/13186 https://fomo.family/coin?address=CbcyNo7m1amFWqEQm2m4PLv1UNvpcL3C1Ujm6AkzpKoU&chainId=1399811149 https://t.me/devcabal/13186
